<?xml version="1.0" encoding="UTF-8"?>
<component name="searchComponent" extends="commonFields" initialFocus="firstVideoMUG">
    <script type="text/brightscript" uri="searchComponent.brs" />
    <interface>
        <field id="setFocus" type="boolean" onChange="onSetFocus" alwaysNotify="true" />
        <field id="afterOnFirstVideoMUGSelected" type="boolean" onChange="handleAfterOnFirstVideoMUGSelected" alwaysNotify="true" />
        <field id="playFirstVideo" type="boolean" onChange="onPlayFirstVideoSetToTrue" alwaysNotify="true" />
    </interface>
    <children>
        
        <LayoutGroup id="outerLayoutGroup" translation="[400, 100]" layoutDirection="horiz" itemSpacings="[50]">
            <Rectangle id="firstVideoRectangle" translation="[0,0]" color="#9900cc" width="1000" height="1000">
                <MarkupGrid id="firstVideoMUG" 
                    itemComponentName="firstVideoComponent"
                    numColumns="1"
                    numRows="1" 
                    itemSize="[1000, 565.2]" 
                    translation="[0,0]"
                    itemSpacing="[100, 100]"
                />
            </Rectangle>
            <Rectangle id="secondVideoRectangle" translation="[290, 410]" width="1015" height="630" color="#9900cc">
                <MarkupGrid id="secondVideoMUG"
                itemComponentName="secondVideoComponent"
                numColumns="6"
                numRows="2" 
                itemSize="[305, 166.5625]" 
                itemSpacing = "[50, 230]"
                translation="[0, 10]"
                drawFocusFeedback="true"
                vertFocusAnimationStyle="floatingFocus"
                />
            </Rectangle>
            

        </LayoutGroup>
        
        
    </children>
</component>