<?xml version="1.0" encoding="utf-8"?>
<component name="loggedInComponent" extends="commonFields" initialFocus="playButton">
  <children>
    <Rectangle id="outerRect" translation="[0,0]" width="1920" height="1080" color="#9900cc">

    <Poster 
      id="necnLogo"
      width="150"
      height="50"
      uri="pkg:/images/separated/necnLogo.png"
      translation="[50, 50]"
    />
    

    <Rectangle id="topRect" translation="[0,100]" width="1920" height="1080" color="">
      <Animation 

        id="topRectAnimationLeftMovingScreen"
        duration="0.25"
        easeFunction="linear">
        <Vector2dFieldInterpolator 
          id="topRectInterpLeftMovingScreen"
          key="[0.0, 1.0]"
          keyValue="[[]]"
          fieldToInterp="topRect.translation"
        />
      </Animation>
      <Animation 

        id="topRectAnimationRightMovingScreen"
        duration="0.25"
        easeFunction="linear">
        <Vector2dFieldInterpolator 
          id="topRectInterpRightMovingScreen"
          key="[0.0, 1.0]"
          keyValue="[[]]"
          fieldToInterp="topRect.translation"
        />
      </Animation>
        
  
      <LayoutGroup id="layoutGroupId" layoutDirection="horiz" horizAlignment="left" translation="[-15,0]" itemSpacings="[200, 300]">

        <Rectangle translation="[0,0]" width="5000" height="1080" color="#9900cc" >
    
            
              <group id="markUpGridGroup" translation="[0,0]">
                <MarkupGrid
                translation="[5,100]"
                vertFocusAnimationStyle="floatingFocus"
                numColumns="1"
                numRows="5"
                id="leftMarkUpGridList"
                itemComponentName="leftMarkUpGridListItemComponent" 
                itemSpacing="[0, 40]"
                itemSize = "[ 240, 100 ]"
                drawFocusFeedback="false"
                />
                <Animation 
                  id = "leftMarkUpGridListAnimation" 
                  duration = "0.5"
                  easeFunction = "linear" >
                  <Vector2DFieldInterpolator 
                    key = "[ 0.0, 0.5, 1.0 ]" 
                    keyValue = "[ [ 100, 100 ], [150,100], [240, 100] ]" 
                    fieldToInterp = "leftMarkUpGridList.itemSize" />
                </Animation>
      
                <Animation 
                    id = "leftMarkUpGridListAnimationWhenUnfocused" 
                    duration = "0.5" 
                    easeFunction = "linear" >
                    <Vector2DFieldInterpolator 
                      key = "[ 0.0, 0.5, 1.0 ]" 
                      keyValue = "[ [240, 100], [150,100], [ 100, 100 ]]" 
                      fieldToInterp = "leftMarkUpGridList.itemSize"
                    />
                </Animation>
      
                <!-- <Animation 
                  id = "markUpGridBackgroundWhenFocused" 
                  duration = "0.25" 
                  easeFunction = "linear" >
                  <FloatFieldInterpolator 
                    key = "[ 0.0, 0.5, 1.0 ]" 
                    keyValue = "[ [105], [150], [250] ]" 
                    fieldToInterp = "markUpGridBackground.width"
                  />
                </Animation>
      
                <Animation 
                    id = "markUpGridBackgroundWhenUnfocused"
                    duration = "0.25" 
                    easeFunction = "linear" >
                    <FloatFieldInterpolator 
                      key = "[ 0.0, 0.5, 1.0 ]" 
                      keyValue = "[ [250], [150], [105] ]" 
                      fieldToInterp = "markUpGridBackground.width"
                    />
                </Animation> -->
              </group>
              
            
    
          <Rectangle translation="[0, 0]">        
            <group id="homeComponentGroupId" visible="true" translation="[0,0]">
              <homeComponent id="homeComponentId" />
            </group>
            <group id="searchComponentGroupId">
              <searchComponent id="searchComponentId" visible="false" translation="[0,0]"/>
            </group>
            <group id="profileComponentGroupId">
              <profileComponent id="profileComponentId" visible="false" translation="[0,0]"/>
            </group>
            <group id="timeGridComponentGroupId">
              <timeGridComponent id="timeGridComponentId" visible="false" translation="[250,300]"/>
            </group>
          </Rectangle>
        </Rectangle>
    
      </LayoutGroup>
    </Rectangle>
    
  </Rectangle>
  </children>
  
  <script type="text/brightscript" uri="loggedInComponent.brs" />
</component>